from,to,weight,relationship,time
lath,Sueddeutsche_Zeitung,1,Jetzt,2017-10-16
dpa,Sueddeutsche_Zeitung,1,Gesellschaft,2017-10-16
Riehl,Sueddeutsche_Zeitung,1,Panorama,2017-10-16
Vahabzadeh,Sueddeutsche_Zeitung,1,Kultur,2017-10-16
dpa,Sueddeutsche_Zeitung,1,Karriere,2017-10-18
fie,Sueddeutsche_Zeitung,1,Panorama,2017-10-18
Hertreiter,Sueddeutsche_Zeitung,1,Panorama,2017-10-18
dpa,Sueddeutsche_Zeitung,1,Gesellschaft,2017-10-19
AFP,Sueddeutsche_Zeitung,1,Panorama,2017-10-19
dpa,Sueddeutsche_Zeitung,1,Kultur,2017-10-19
dpa,Sueddeutsche_Zeitung,1,Gesellschaft,2017-10-19
dpa,Sueddeutsche_Zeitung,1,Gesellschaft,2017-10-19
dpa,Sueddeutsche_Zeitung,1,Kultur,2017-10-19
Schmieder,Sueddeutsche_Zeitung,1,Kultur,2017-10-20
dpa,Sueddeutsche_Zeitung,1,Gesellschaft,2017-10-20
Hoffmann,Sueddeutsche_Zeitung,1,Jetzt,2017-10-20
Lichtblau,Sueddeutsche_Zeitung,1,Jetzt,2017-10-20
Klasen,Sueddeutsche_Zeitung,1,Gesellschaft,2017-10-20
Engelbrecht,Sueddeutsche_Zeitung,1,Gesellschaft,2017-10-20
Pfeifer,Sueddeutsche_Zeitung,1,Panorama,2017-10-21
dpa,Sueddeutsche_Zeitung,1,Gesellschaft,2017-10-22
Doessel,Sueddeutsche_Zeitung,1,Gesellschaft,2017-10-22
Denk,Sueddeutsche_Zeitung,1,Gesellschaft,2017-10-22
Pfeifer,Sueddeutsche_Zeitung,1,Gesellschaft,2017-10-22
Schmitz,Sueddeutsche_Zeitung,1,Gesellschaft,2017-10-22
Schuster,Sueddeutsche_Zeitung,1,Gesellschaft,2017-10-22
Schuster,Sueddeutsche_Zeitung,1,Gesellschaft,2017-10-23
dpa,Sueddeutsche_Zeitung,1,Gesellschaft,2017-10-24
Holtschulte,Sueddeutsche_Zeitung,1,Magazin,2017-10-24
dpa,Sueddeutsche_Zeitung,1,Politik,2017-10-25
Schoenhuetl,Sueddeutsche_Zeitung,1,Politik,2017-10-25
Anonym,Sueddeutsche_Zeitung,1,Jetzt,2017-10-25
Rest,Sueddeutsche_Zeitung,1,Mode,2017-10-27
dpa,Sueddeutsche_Zeitung,1,Gesellschaft,2017-10-28
AP,Sueddeutsche_Zeitung,1,Panorama,2017-10-30
jsa,Sueddeutsche_Zeitung,1,Politik,2017-10-30
dpa,Sueddeutsche_Zeitung,1,Gesellschaft,2017-11-03
dpa,Sueddeutsche_Zeitung,1,Gesellschaft,2017-11-03
dpa,Sueddeutsche_Zeitung,1,Gesellschaft,2017-11-03
Vahland,Sueddeutsche_Zeitung,1,Kultur,2017-11-03
jsa,Sueddeutsche_Zeitung,1,Politik,2017-11-04
Beitzer,Sueddeutsche_Zeitung,1,Gesellschaft,2017-11-04
Zekri,Sueddeutsche_Zeitung,1,Kultur,2017-11-05
dpa,Sueddeutsche_Zeitung,1,Gesellschaft,2017-11-09
dpa,Sueddeutsche_Zeitung,1,Gesellschaft,2017-11-13
Schneeberger,Sueddeutsche_Zeitung,1,Medien,2017-11-13
dpa,Sueddeutsche_Zeitung,1,Gesellschaft,2017-11-13
Bigalke,Sueddeutsche_Zeitung,1,Gesellschaft,2017-11-13
Schroeder,Sueddeutsche_Zeitung,1,Karriere,2017-11-13
Doerr,Sueddeutsche_Zeitung,1,Kultur,2017-11-15
Ruehle,Sueddeutsche_Zeitung,1,Kultur,2017-11-19
jwh,Sueddeutsche_Zeitung,1,Jetzt,2017-11-20
Kreye,Sueddeutsche_Zeitung,1,Kultur,2017-11-20
Frank,Sueddeutsche_Zeitung,1,Medien,2017-11-23
Vorsamer,Sueddeutsche_Zeitung,1,Gesellschaft,2017-11-24
Grasshoff,Sueddeutsche_Zeitung,1,Kultur,2017-11-24
Rau,Sueddeutsche_Zeitung,1,Regionales,2017-11-24
dpa,Sueddeutsche_Zeitung,1,Medien,2017-11-27
Vahabzadeh,Sueddeutsche_Zeitung,1,Gesellschaft,2017-11-27
Gross,Sueddeutsche_Zeitung,1,Kultur,2017-12-01
qli,Sueddeutsche_Zeitung,1,Jetzt,2017-12-06
dpa,Sueddeutsche_Zeitung,1,Gesellschaft,2017-12-06
Lorch,Sueddeutsche_Zeitung,1,Kultur,2017-12-06
dpa,Sueddeutsche_Zeitung,1,Gesellschaft,2017-12-08
Hildebrand,Sueddeutsche_Zeitung,1,Kultur,2017-12-10
jsa,Sueddeutsche_Zeitung,1,Politik,2017-12-11
Schmieder,Sueddeutsche_Zeitung,1,Kultur,2017-12-11
dpa,Sueddeutsche_Zeitung,1,Gesellschaft,2017-12-12
jsa,Sueddeutsche_Zeitung,1,Panorama,2017-12-14
dpa,Sueddeutsche_Zeitung,1,Panorama,2017-12-15
Vahabzadeh,Sueddeutsche_Zeitung,1,Kultur,2017-12-15
dpa,Sueddeutsche_Zeitung,1,Gesellschaft,2017-12-19
Biazza,Sueddeutsche_Zeitung,1,Kultur,2017-12-19
Bigalke,Sueddeutsche_Zeitung,1,Gesellschaft,2017-12-19
dpa,Sueddeutsche_Zeitung,1,Gesellschaft,2017-12-21
Wetzel,Sueddeutsche_Zeitung,1,Politik,2017-12-22
Schuster,Sueddeutsche_Zeitung,1,Gesellschaft,2017-12-26
dpa,Sueddeutsche_Zeitung,1,Kultur,2017-12-26
Beitzer,Sueddeutsche_Zeitung,1,Gesellschaft,2017-12-26
Reichardt,Sueddeutsche_Zeitung,1,Gesellschaft,2017-12-28
Volkert,Sueddeutsche_Zeitung,1,Politik,2017-12-31
dpa,Sueddeutsche_Zeitung,1,Panorama,2018-01-02
dpa,Sueddeutsche_Zeitung,1,Kultur,2018-01-02
dpa,Sueddeutsche_Zeitung,1,Kultur,2018-01-03
Mayer,Sueddeutsche_Zeitung,1,Gesellschaft,2018-01-04
Janker,Sueddeutsche_Zeitung,1,Kultur,2018-01-05
Kniebe,Sueddeutsche_Zeitung,1,Magazin,2018-01-05
dpa,Sueddeutsche_Zeitung,1,Medien,2018-01-05
dpa,Sueddeutsche_Zeitung,1,Gesellschaft,2018-01-06
dpa,Sueddeutsche_Zeitung,1,Kultur,2018-01-08
AFP,Sueddeutsche_Zeitung,1,Panorama,2018-01-08
dpa,Sueddeutsche_Zeitung,1,Kultur,2018-01-08
Steinitz,Sueddeutsche_Zeitung,1,Kultur,2018-01-08
Beisel,Sueddeutsche_Zeitung,1,Kultur,2018-01-08
dpa,Sueddeutsche_Zeitung,1,Gesellschaft,2018-01-09
AFP,Sueddeutsche_Zeitung,1,Panorama,2018-01-09
dpa,Sueddeutsche_Zeitung,1,Gesellschaft,2018-01-10
dpa,Sueddeutsche_Zeitung,1,Gesellschaft,2018-01-10
Lottritz,Sueddeutsche_Zeitung,1,Gesellschaft,2018-01-10
doer,Sueddeutsche_Zeitung,1,Kultur,2018-01-10
dpa,Sueddeutsche_Zeitung,1,Panorama,2018-01-11
Ruehle,Sueddeutsche_Zeitung,1,Kultur,2018-01-11
dpa,Sueddeutsche_Zeitung,1,Gesellschaft,2018-01-13
dpa,Sueddeutsche_Zeitung,1,Gesellschaft,2018-01-15
SZ-Autoren,Sueddeutsche_Zeitung,1,Gesellschaft,2018-01-15
AFP,Sueddeutsche_Zeitung,1,Panorama,2018-01-16
dpa,Sueddeutsche_Zeitung,1,Gesellschaft,2018-01-17
Mihm,Sueddeutsche_Zeitung,1,Magazin,2018-01-19
Vahabzadeh,Sueddeutsche_Zeitung,1,Kultur,2018-01-20
dpa,Sueddeutsche_Zeitung,1,Gesellschaft,2018-01-20
Vahabzadeh,Sueddeutsche_Zeitung,1,Kultur,2018-01-22
dpa,Sueddeutsche_Zeitung,1,Kultur,2018-01-22
Smechowski,Sueddeutsche_Zeitung,1,Gesellschaft,2018-01-25
dpa,Sueddeutsche_Zeitung,1,Gesellschaft,2018-01-25
Smechowski,Sueddeutsche_Zeitung,1,Magazin,2018-01-26
Zielcke,Sueddeutsche_Zeitung,1,Kultur,2018-01-29
dpa,Sueddeutsche_Zeitung,1,Gesellschaft,2018-01-30
Kolb,Sueddeutsche_Zeitung,1,Politik,2018-01-30
nake,Sueddeutsche_Zeitung,1,Jetzt,2018-01-31
dpa,Sueddeutsche_Zeitung,1,Gesellschaft,2018-02-01
dpa,Sueddeutsche_Zeitung,1,Gesellschaft,2018-02-01
Schneeberger,Sueddeutsche_Zeitung,1,Medien,2018-02-02
dpa,Sueddeutsche_Zeitung,1,Musik,2018-02-03
Schulte von Drach,Sueddeutsche_Zeitung,1,Panorama,2018-02-03
dpa,Sueddeutsche_Zeitung,1,Gesellschaft,2018-02-04
dpa,Sueddeutsche_Zeitung,1,Kultur,2018-02-04
dpa,Sueddeutsche_Zeitung,1,Kultur,2018-02-05
Tieschky,Sueddeutsche_Zeitung,1,Gesellschaft,2018-02-07
dpa,Sueddeutsche_Zeitung,1,Kultur,2018-02-08
dpa,Sueddeutsche_Zeitung,1,Kultur,2018-02-08
Schneeberger,Sueddeutsche_Zeitung,1,Medien,2018-02-09
Hofmann,Sueddeutsche_Zeitung,1,Sport,2018-02-09
chwa,Sueddeutsche_Zeitung,1,Jetzt,2018-02-10
dpa,Sueddeutsche_Zeitung,1,Gesellschaft,2018-02-10
dpa,Sueddeutsche_Zeitung,1,Gesellschaft,2018-02-11
dpa,Sueddeutsche_Zeitung,1,Gesellschaft,2018-02-11
dpa,Sueddeutsche_Zeitung,1,Politik,2018-02-11
Fischhaber,Sueddeutsche_Zeitung,1,Gesellschaft,2018-02-12
Doerr,Sueddeutsche_Zeitung,1,Kultur,2018-02-12
dpa,Sueddeutsche_Zeitung,1,Gesellschaft,2018-02-13
Heidenreich,Sueddeutsche_Zeitung,1,Gesellschaft,2018-02-14
dpa,Sueddeutsche_Zeitung,1,Kultur,2018-02-15
dpa,Sueddeutsche_Zeitung,1,Kultur,2018-02-15
dpa,Sueddeutsche_Zeitung,1,Kultur,2018-02-15
dpa,Sueddeutsche_Zeitung,1,Gesellschaft,2018-02-16
jwh,Sueddeutsche_Zeitung,1,Jetzt,2018-02-17
dpa,Sueddeutsche_Zeitung,1,Kultur,2018-02-18
dpa,Sueddeutsche_Zeitung,1,Kultur,2018-02-19
dpa,Sueddeutsche_Zeitung,1,Gesellschaft,2018-02-21
Hertreiter,Sueddeutsche_Zeitung,1,Gesellschaft,2018-02-23
Adorján,Sueddeutsche_Zeitung,1,Politik,2018-02-25
Neidhart,Sueddeutsche_Zeitung,1,Gesellschaft,2018-02-26
dpa,Sueddeutsche_Zeitung,1,Gesellschaft,2018-03-01
Gasteiger,Sueddeutsche_Zeitung,1,Kultur,2018-03-04
dpa,Sueddeutsche_Zeitung,1,Gesellschaft,2018-03-06
dpa,Sueddeutsche_Zeitung,1,Gesellschaft,2018-03-09
Haas,Sueddeutsche_Zeitung,1,Magazin,2018-03-09
Hans,Sueddeutsche_Zeitung,1,Kultur,2018-03-11
dpa,Sueddeutsche_Zeitung,1,Gesellschaft,2018-03-12
Schuster,Sueddeutsche_Zeitung,1,Kultur,2018-03-13
Kropshofer,Sueddeutsche_Zeitung,1,Wissen,2018-03-13
Wagner,Sueddeutsche_Zeitung,1,Wissen,2018-03-13
Steinmetz,Spiegel,1,Politik,2018-03-12
Metzger,Spiegel,1,Kultur,2018-03-08
Koeppe,Spiegel,1,Karriere,2018-03-08
Falke-Ischinger ,Spiegel,1,Politik,2018-03-08
Popp,Spiegel,1,Politik,2018-03-08
Schmeis,Spiegel,1,Kultur,2018-03-07
Schmeis,Spiegel,1,Kultur,2018-03-05
Pitzke,Spiegel,1,Kultur,2018-03-02
Maxwille,Spiegel,1,Panorama,2018-03-01
Degner ,Spiegel,1,Panorama,2018-02-28
Preker ,Spiegel,1,Panorama,2018-02-26
Bayer ,Spiegel,1,Kultur,2018-02-22
Runge ,Spiegel,1,Sport,2018-02-22
Maack ,Spiegel,1,Panorama,2018-02-21
Hoebel ,Spiegel,1,Kultur,2018-02-20
Koeppe,Spiegel,1,Kultur,2018-02-15
Pilarczyk ,Spiegel,1,Kultur,2018-02-14
Stokowski ,Spiegel,1,Kultur,2018-02-13
El-Sharif ,Spiegel,1,Politik,2018-02-11
Stokowski ,Spiegel,1,Kultur,2018-02-06
Thoene,Spiegel,1,Kultur,2018-02-05
Preker ,Spiegel,1,Panorama,2018-02-03
Berg ,Spiegel,1,Kultur,2018-02-03
Padtberg ,Spiegel,1,Kultur,2018-02-01
Bredow ,Spiegel,1,Panorama,2018-02-01
Langer ,Spiegel,1,Panorama,2018-01-30
Fokken ,Spiegel,1,Panorama,2018-01-29
Diez ,Spiegel,1,Kultur,2018-01-28
Buss,Spiegel,1,Kultur,2018-01-26
Kroeger,Spiegel,1,Wirtschaft,2018-01-24
Pilarczyk,Spiegel,1,Kultur,2018-01-23
Sarovic,Spiegel,1,Panorama,2018-01-23
dpa,Spiegel,1,Kultur,2018-01-23
Stokowski,Spiegel,1,Kultur,2018-01-23
Janssen,Spiegel,1,Kultur,2018-01-22
Pitzke,Spiegel,1,Kultur,2018-01-22
Maack,Spiegel,1,Panorama,2018-01-22
Perker,Spiegel,1,Wirtschaft,2018-01-22
Thoene,Spiegel,1,Kultur,2018-01-22
Ternieden,Spiegel,1,Politik,2018-01-20
Schaefer,Spiegel,1,Panorama,2018-01-19
Fokken,Spiegel,1,Panorama,2018-01-19
Fleischhauer,Spiegel,1,Politik,2018-01-18
Schulz,Spiegel,1,Panorama,2018-01-18
Kaever,Spiegel,1,Kultur,2018-01-18
Kaever,Spiegel,1,Kultur,2018-01-17
Roth,Spiegel,1,Panorama,2018-01-17
Mueller,Spiegel,1,Sport,2018-01-17
Eberle,Spiegel,1,Sport,2018-01-17
Pohl,Spiegel,1,Musik,2018-01-16
Borcholte,Spiegel,1,Musik,2018-01-16
Fokken,Spiegel,1,Panorama,2018-01-16
Stokowski,Spiegel,1,Kultur,2018-01-16
Pommerenke,Spiegel,1,Sport,2018-01-15
Fuchs,Spiegel,1,Sport,2018-01-15
Roth,Spiegel,1,Panorama,2018-01-15
Slimani,Spiegel,1,Kultur,2018-01-13
Brocholte,Spiegel,1,Panorama,2018-01-13
Maack,Spiegel,1,Panorama,2018-01-13
Beyer,Spiegel,1,Politik,2018-01-13
Perker,Spiegel,1,Panorama,2018-01-11
Simons,Spiegel,1,Kultur,2018-01-10
Horn,Spiegel,1,Kultur,2018-01-10
Mueller-Michaelis,Spiegel,1,Politik,2018-01-10
Fokken,Spiegel,1,Panorama,2018-01-10
Pilarczyk,Spiegel,1,Kultur,2018-01-10
Kaever,Spiegel,1,Kultur,2018-01-10
Stokowski,Spiegel,1,Kultur,2018-01-09
Koeppe,Spiegel,1,Karriere,2018-01-08
Fokken,Spiegel,1,Panorama,2018-01-08
Pilarczyk,Spiegel,1,Kultur,2018-01-08
Fokken,Spiegel,1,Panorama,2018-01-08
Loewe,Spiegel,1,Mode,2018-01-07
Ternieden,Spiegel,1,Panorama,2018-01-03
Schulz,Spiegel,1,Panorama,2018-01-03
Langer,Spiegel,1,Panorama,2018-01-03
Janssen,Spiegel,1,Panorama,2018-01-02
Roth,Spiegel,1,Panorama,2018-01-02
Fleischhauer,Spiegel,1,Politik,2017-12-28
Pilarczyk,Spiegel,1,Kultur,2017-12-27
Stokowski,Spiegel,1,Kultur,2017-12-26
Borcholte,Spiegel,1,Kultur,2017-12-23
Bredow,Spiegel,1,Panorama,2017-12-22
Witte,Spiegel,1,Panorama,2017-12-22
Maxwille,Spiegel,1,Panorama,2017-12-22
Schulz,Spiegel,1,Panorama,2017-12-22
Roth,Spiegel,1,Sport,2017-12-21
Ippolito,Spiegel,1,Kultur,2017-12-21
Unterberg,Spiegel,1,Bildung,2017-12-21
Lobo,Spiegel,1,Digital,2017-12-20
Rohr,Spiegel,1,Politik,2017-12-20
Bredow,Spiegel,1,Panorama,2017-12-19
Hengstenberg,Spiegel,1,Kultur,2017-12-17
Nelles,Spiegel,1,Politik,2017-12-12
Diez,Spiegel,1,Kultur,2017-12-10
Bayer,Spiegel,1,Kultur,2017-12-10
Starner,Spiegel,1,Panorama,2017-12-10
Kazim,Spiegel,1,Karriere,2017-12-09
Overbeck,Spiegel,1,Kultur,2017-12-06
Fokken,Spiegel,1,Panorama,2017-12-06
Ahmed,Spiegel,1,Politik,2017-11-28
Diez,Spiegel,1,Kultur,2017-11-26
Roth,Spiegel,1,Panorama,2017-11-26
Augstein,Spiegel,1,Kultur,2017-11-24
Oldoerp,Spiegel,1,Sport,2017-11-22
Optensteinen,Spiegel,1,Panorama,2018-11-14
Frank,Spiegel,1,Kultur,2017-11-13
Fokken,Spiegel,1,Panorama,2017-11-13
Fokken,Spiegel,1,Panorama,2017-11-13
Diez,Spiegel,1,Panorama,2017-11-13
Horn,Spiegel,1,Kultur,2017-11-12
Haeming,Spiegel,1,Kultur,2017-11-10
Haug,Spiegel,1,Bildung,2017-11-09
Thoene,Spiegel,1,Kultur,2017-11-07
Janssen,Spiegel,1,Panorama,2017-11-04
Preker,Spiegel,1,Panorama,2017-11-03
Roth,Spiegel,1,Panorama,2017-11-02
Witte,Spiegel,1,Panorama,2017-10-26
Stokowski,Spiegel,1,Kultur,2017-10-26
Maack,Spiegel,1,Panorama,2017-10-24
Ziegler,Spiegel,1,Panorama,2017-10-23
Titz,Spiegel,1,Politik,2017-10-23
Diez,Spiegel,1,Kultur,2017-10-22
Koeppe,Spiegel,1,Panorama,2017-10-22
Sarovic,Spiegel,1,Panorama,2017-10-18
Stokowski,Spiegel,1,Kultur,2017-10-18
Ziegler,Spiegel,1,Panorama,2017-10-17
Ott,Welt_Online,1,Panorama,2017-10-17
Bock,Welt_Online,1,Panorama,2017-10-18
AFP,Welt_Online,1,Panorama,2017-10-19
AP,Welt_Online,1,Panorama,2017-10-19
mol,Welt_Online,1,Panorama,2017-10-19
Witt,Welt_Online,1,Sport,2017-10-19
dpa-Infocom_GmbH,Welt_Online,1,Regionales,2017-10-20
Ott,Welt_Online,1,Panorama,2017-10-21
AFP,Welt_Online,1,Politik,2017-10-22
KNA,Welt_Online,1,Politik,2017-10-22
mol,Welt_Online,1,Politik,2017-10-22
Biringer,Welt_Online,1,Kultur,2017-10-22
Spoerr,Welt_Online,1,Meinung,2017-10-23
dpa,Welt_Online,1,Politik,2017-10-23
AFP,Welt_Online,1,Politik,2017-10-23
jr,Welt_Online,1,Politik,2017-10-23
dpa-Infocom_GmbH,Welt_Online,1,Regionales,2017-10-25
dpa,Welt_Online,1,Panorama,2017-10-28
kami,Welt_Online,1,Panorama,2017-10-28
Friese,Welt_Online,1,Meinung,2017-11-02
Krueger,Welt_Online,1,Panorama,2017-11-03
Remke,Welt_Online,1,Panorama,2017-11-03
Weckwerth,Welt_Online,1,Panorama,2017-11-03
dpa-Infocom_GmbH,Welt_Online,1,Regionales,2017-11-07
Moeller,Welt_Online,1,Kultur,2017-11-08
Hildebrandt,Welt_Online,1,Panorama,2017-11-08
Becker,Welt_Online,1,Meinung,2017-11-11
Eube,Welt_Online,1,Mode,2017-11-11
Scholz,Welt_Online,1,Panorama,2017-11-12
Dargent,Welt_Online,1,Panorama,2017-11-13
Piedayesh,Welt_Online,1,Mode,2017-11-14
AFP,Welt_Online,1,Politik,2017-11-18
coh,Welt_Online,1,Politik,2017-11-18
Ott,Welt_Online,1,Panorama,2017-11-18
dpa-Infocom_GmbH,Welt_Online,1,Regionales,2017-11-22
sen,Welt_Online,1,Panorama,2017-11-24
Meister,Welt_Online,1,Politik,2017-11-25
vwe,Welt_Online,1,Panorama,2017-12-01
dpa,Welt_Online,1,Panorama,2017-12-01
Griese,Welt_Online,1,Mode,2017-12-05
dpa,Welt_Online,1,Kultur,2017-12-06
AFP,Welt_Online,1,Kultur,2017-12-06
tba,Welt_Online,1,Kultur,2017-12-06
vwe,Welt_Online,1,Kultur,2017-12-06
Stein,Welt_Online,1,Panorama,2017-12-06
AP,Welt_Online,1,Politik,2017-12-07
dpa,Welt_Online,1,Politik,2017-12-07
cl,Welt_Online,1,Politik,2017-12-07
Alexander,Welt_Online,1,Meinung,2017-12-08
AP,Welt_Online,1,Politik,2017-12-07
dpa,Welt_Online,1,Politik,2017-12-07
cl,Welt_Online,1,Politik,2017-12-07
dpa,Welt_Online,1,Kultur,2017-12-08
AFP,Welt_Online,1,Kultur,2017-12-08
nidi,Welt_Online,1,Kultur,2017-12-08
Heine,Welt_Online,1,Kultur,2017-12-08
Judd,Welt_Online,1,Meinung,2017-12-10
AP,Welt_Online,1,Politik,2017-12-12
dpa,Welt_Online,1,Politik,2017-12-12
cl,Welt_Online,1,Politik,2017-12-12
Lemire,Welt_Online,1,Panorama,2017-12-13
DW,Welt_Online,1,Panorama,2017-12-19
dpa-Infocom_GmbH,Welt_Online,1,Regionales,2017-12-19
Poschardt,Welt_Online,1,Meinung,2017-12-19
Stein,Welt_Online,1,Meinung,2017-12-19
dpa-Infocom_GmbH,Welt_Online,1,Regionales,2017-12-21
AFP,Welt_Online,1,Politik,2017-12-26
dpa,Welt_Online,1,Politik,2017-12-26
KNA,Welt_Online,1,Politik,2017-12-26
nago,Welt_Online,1,Politik,2017-12-26
dpa-Infocom_GmbH,Welt_Online,1,Regionales,2017-12-27
sen,Welt_Online,1,Politik,2017-12-27
Alanyali,Welt_Online,1,Panorama,2018-01-08
dpa-Infocom_GmbH,Welt_Online,1,News-Ticker,2018-01-08
Becker,Welt_Online,1,Panorama,2018-01-08
Meister,Welt_Online,1,Politik,2018-01-10
Spoerr,Welt_Online,1,Meinung,2018-01-10
Bolze,Welt_Online,1,Panorama,2018-01-11
Muelherr,Welt_Online,1,Meinung,2018-01-11
Ott,Welt_Online,1,Panorama,2018-01-13
AP,Welt_Online,1,Panorama,2018-01-13
AP,Welt_Online,1,Panorama,2018-01-13
sen,Welt_Online,1,Panorama,2018-01-13
dpa-Infocom_GmbH,Welt_Online,1,News-Ticker,2018-01-14
dpa,Welt_Online,1,Politik,2018-01-15
AFP,Welt_Online,1,Politik,2018-01-15
stro,Welt_Online,1,Politik,2018-01-15
dpa,Welt_Online,1,Regionales,2018-01-15
DW,Welt_Online,1,Regionales,2018-01-15
Gaschke,Welt_Online,1,Meinung,2018-01-15
Griese,Welt_Online,1,Mode,2018-01-15
Ott,Welt_Online,1,Panorama,2018-01-17
Remke,Welt_Online,1,Panorama,2018-01-19
Niewendick,Welt_Online,1,Politik,2018-01-20
Scholz,Welt_Online,1,Panorama,2018-01-21
dpa,Welt_Online,1,Politik,2018-01-21
AP,Welt_Online,1,Politik,2018-01-21
ith,Welt_Online,1,Politik,2018-01-21
Rodek,Welt_Online,1,Kultur,2018-01-24
Grabitz,Welt_Online,1,Panorama,2018-01-25
dpa-Infocom_GmbH,Welt_Online,1,Regionales,2018-01-24
dpa-Infocom_GmbH,Welt_Online,1,Regionales,2018-01-27
Alanyali,Welt_Online,1,Kultur,2018-01-29
Rodek,Welt_Online,1,Kultur,2018-01-29
dpa-Infocom_GmbH,Welt_Online,1,Regionales,2018-02-01
Mueller,Welt_Online,1,Kultur,2018-02-01
dpa-Infocom_GmbH,Welt_Online,1,Regionales,2018-02-04
dpa-Infocom_GmbH,Welt_Online,1,Regionales,2018-02-04
dpa,Welt_Online,1,Panorama,2018-02-04
sen,Welt_Online,1,Panorama,2018-02-04
Niewendick,Welt_Online,1,Politik,2018-02-04
Kueveler,Welt_Online,1,Kultur,2018-02-04
Nastarowitz,Welt_Online,1,Panorama,2018-02-06
dpa-Infocom_GmbH,Welt_Online,1,Regionales,2018-02-06
dpa,Welt_Online,1,Panorama,2018-02-06
Chervel,Welt_Online,1,Kultur,2018-02-07
dpa-Infocom_GmbH,Welt_Online,1,Regionales,2018-02-08
dpa-Infocom_GmbH,Welt_Online,1,Regionales,2018-02-08
dpa-Infocom_GmbH,Welt_Online,1,Regionales,2018-02-10
Mayer,Welt_Online,1,Kultur,2018-02-10
Alanyali,Welt_Online,1,Panorama,2018-02-10
Meister,Welt_Online,1,Kultur,2018-02-11
dpa,Welt_Online,1,Kultur,2018-02-11
dpa-Infocom_GmbH,Welt_Online,1,Regionales,2018-02-11
Bartsch,Welt_Online,1,Kultur,2018-02-12
dpa-Infocom_GmbH,Welt_Online,1,Regionales,2018-02-15
Hildebrandt,Welt_Online,1,Panorama,2018-02-16
Bartsch,Welt_Online,1,Kultur,2018-02-16
dpa-Infocom_GmbH,Welt_Online,1,Regionales,2018-02-17
Eube,Welt_Online,1,Mode,2018-02-18
Scholz,Welt_Online,1,Panorama,2018-02-18
Ott,Welt_Online,1,Panorama,2018-02-19
Griese,Welt_Online,1,Mode,2018-02-20
Engels,Welt_Online,1,Meinung,2018-02-20
dpa-Infocom_GmbH,Welt_Online,1,Regionales,2018-02-21
Pilz,Welt_Online,1,Kultur,2018-02-22
dpa,Welt_Online,1,Politik,2018-02-22
coh,Welt_Online,1,Politik,2018-02-22
rz ,Welt_Online,1,Mode,2018-02-26
nerd,Welt_Online,1,Mode,2018-02-26
Remke,Welt_Online,1,Panorama,2018-02-27
Krott,Welt_Online,1,Panorama,2018-02-28
Pontani,Welt_Online,1,Mode,2018-03-01
brit,Welt_Online,1,Regionales,2018-03-01
dpa,Welt_Online,1,Regionales,2018-03-01
Biringer,Welt_Online,1,Kultur,2018-03-02
Ott,Welt_Online,1,Panorama,2018-03-05
dpa,Welt_Online,1,Kultur,2018-03-05
ds,Welt_Online,1,Kultur,2018-03-05
Menkens,Welt_Online,1,Politik,2018-03-08
Ott,Welt_Online,1,Panorama,2018-03-08
Brug,Welt_Online,1,Kultur,2018-03-08
Pfuetzner,Welt_Online,1,Politik,2018-03-09
ith,Welt_Online,1,Kultur,2018-03-10
Weihser,Zeit_Online,1,Kultur,2018-03-12
Kurianowicz,Zeit_Online,1,Kultur,2018-03-09
Hermsmeier,Zeit_Online,1,Kultur,2018-03-08
Lasarzik,Zeit_Online,1,Regionales,2018-03-08
Schuler,Zeit_Online,1,Politik,2018-03-08
Community,Zeit_Online,1,Gesellschaft,2018-03-07
Husmann,Zeit_Online,1,Kultur,2018-03-05
Schweizerhof,Zeit_Online,1,Kultur,2018-03-05
Husmann,Zeit_Online,1,Magazin,2018-03-01
Schmoll,Zeit_Online,1,Kultur,2018-03-01
Meiborg,Zeit_Online,1,Politik,2018-03-01
Spoerrle,Zeit_Online,1,Regionales,2018-02-28
Stroebele,Zeit_Online,1,Kultur,2018-02-24
Spoerrle,Zeit_Online,1,Regionales,2018-02-23
Polke-Majewski,Zeit_Online,1,Gesellschaft,2018-02-22
Stroebele,Zeit_Online,1,Kultur,2018-02-21
Peitz,Zeit_Online,1,Kultur,2018-02-20
Endres,Zeit_Online,1,Wirtschaft,2018-02-17
Gaul,Zeit_Online,1,Politik,2018-02-16
Boeker,Zeit_Online,1,Magazin,2018-02-15
Schaschek,Zeit_Online,1,Kultur,2018-02-14
Fendel,Zeit_Online,1,Kultur,2018-02-14
Gaul,Zeit_Online,1,Politik,2018-02-12
Nieberding,Zeit_Online,1,Magazin,2018-02-12
Balkenborg,Zeit_Online,1,Kultur,2018-02-10
Gerhardt,Zeit_Online,1,Kultur,2018-02-10
Mayer,Zeit_Online,1,Kultur,2018-02-10
Thoer,Zeit_Online,1,Kultur,2018-02-10
Sterneborg,Zeit_Online,1,Kultur,2018-02-10
Stroebele,Zeit_Online,1,Kultur,2018-02-10
Kuchler,Zeit_Online,1,Kultur,2017-11-12
ZON,Zeit_Online,1,Gesellschaft,2017-11-11
dpa,Zeit_Online,1,Gesellschaft,2017-11-11
Bokelberg,Zeit_Online,1,Politik,2017-11-06
mib,Zeit_Online,1,Gesellschaft,2017-11-11
Seifert,Zeit_Online,1,Karriere,2017-11-07
Hielscher,Zeit_Online,1,Politik,2017-11-06
Voecklinghaus,Zeit_Online,1,Kultur,2017-10-31
Kray,Zeit_Online,1,Kultur,2017-10-30
Nieberding,Zeit_Online,1,Magazin,2017-10-28
Gaul,Zeit_Online,1,Politik,2017-10-27
Hurst,Zeit_Online,1,Gesellschaft,2017-10-26
Kurianowicz,Zeit_Online,1,Kultur,2017-10-25
Fendel,Zeit_Online,1,Kultur,2017-10-23
ZON,Zeit_Online,1,Politik,2017-10-22
KNA,Zeit_Online,1,Politik,2017-10-22
spo,Zeit_Online,1,Politik,2017-10-22
Frisse,Zeit_Online,1,Karriere,2017-10-20
Scheler,Zeit_Online,1,Politik,2017-10-20
Schweizerhof,Zeit_Online,1,Kultur,2017-10-19
Boettger,Zeit_Online,1,Regionales,2017-10-18
Feldman,Zeit_Online,1,Kultur,2018-01-02
Kuemmel,Zeit_Online,1,Kultur,2018-01-01
Markwardt,Zeit_Online,1,Kultur,2017-12-31
Bangel,Zeit_Online,1,Kultur,2017-12-23
Gatzke,Zeit_Online,1,Kultur,2017-12-23
Greven,Zeit_Online,1,Kultur,2017-12-23
Groll,Zeit_Online,1,Kultur,2017-12-23
Haberkorn,Zeit_Online,1,Kultur,2017-12-23
Havertz,Zeit_Online,1,Kultur,2017-12-23
Hugendick,Zeit_Online,1,Kultur,2017-12-23
Kurianowicz,Zeit_Online,1,Kultur,2017-12-23
Tlusty,Zeit_Online,1,Kultur,2017-12-23
Weihser,Zeit_Online,1,Kultur,2017-12-23
Sebastian,Zeit_Online,1,Kultur,2017-12-21
Schrader,Zeit_Online,1,Bildung,2017-12-03
Miller,Zeit_Online,1,Kultur,2017-12-01
Spiller,Zeit_Online,1,Sport,2017-11-30
Dell,Zeit_Online,1,Kultur,2017-11-30
Kuchler,Zeit_Online,1,Kultur,2017-11-28
Schrupp,Zeit_Online,1,Kultur,2017-11-27
von_Roenne,Zeit_Online,1,Kultur,2017-11-21
Biringer,Zeit_Online,1,Kultur,2017-11-20
Spoerrle,Zeit_Online,1,Regionales,2017-11-20
Wuerfel,Zeit_Online,1,Kultur,2017-11-16
Hensel,Zeit_Online,1,Gesellschaft,2017-11-14
Bota,Zeit_Online,1,Kultur,2018-02-09
Rosales,Zeit_Online,1,Kultur,2018-01-31
Atkinson,Zeit_Online,1,Karriere,2018-01-31
Joeres,Zeit_Online,1,Politik,2018-01-29
Baniotopoulou,Zeit_Online,1,Kultur,2018-01-26
Nauhauser,Zeit_Online,1,Politik,2018-01-24
Klormann,Zeit_Online,1,Wirtschaft,2018-01-23
Havertz,Zeit_Online,1,Gesellschaft,2018-01-20
Kurianowicz,Zeit_Online,1,Kultur,2018-01-20
Preciado,Zeit_Online,1,Kultur,2018-01-19
Kuehl,Zeit_Online,1,Digital,2018-01-19
Schroeder,Zeit_Online,1,Politik,2018-01-19
Sadigh,Zeit_Online,1,Gesellschaft,2018-01-18
ZON,Zeit_Online,1,Kultur,2018-01-17
ZON,Zeit_Online,1,Kultur,2018-01-14
AP,Zeit_Online,1,Kultur,2018-01-14
fin,Zeit_Online,1,Kultur,2018-01-17
Boeker,Zeit_Online,1,Magazin,2018-01-16
ces,Zeit_Online,1,Kultur,2018-01-14
Haratischwili,Zeit_Online,1,Kultur,2018-01-12
Rueckert,Zeit_Online,1,Kultur,2018-01-11
Daub,Zeit_Online,1,Kultur,2018-01-10
Gaul,Zeit_Online,1,Politik,2018-01-09
Sterneborg,Zeit_Online,1,Kultur,2018-01-08
Steinhart,Zeit_Online,1,Kultur,2018-01-08
Boeker,Zeit_Online,1,Magazin,2018-01-08
Feldman,Zeit_Online,1,Kultur,2018-01-02
ZON,Zeit_Online,1,na,na
AFP,Zeit_Online,1,Kultur,2018-01-14
Franzke,taz,1,Gesellschaft,2017-17-10
Sanyal,taz,1,Gesellschaft,2017-19-10
Guergen,taz,1,Regionales,2017-21-10
Kueppersbusch,taz,1,Gesellschaft,2017-23-10
Schick,taz,1,Gesellschaft,2017-24-10
Hirsch,taz,1,Kultur,2017-24-10
Mansour,taz,1,Meinung ,2017-25-10
Halser ,taz,1,Gesellschaft,2017-27-10
Riese,taz,1,Gesellschaft,2017-27-10
Weissenburger,taz,1,Regionales,2017-27-10
Gürgen,taz,1,Meinung,2017-28-10
Frank,taz,1,Gesellschaft,2017-28-10
Tutmann,taz,1,Regionales,2017-30-10
Riese,taz,1,Meinung,2017-01-11
Leserinnenredaktion,taz,1,Gesellschaft,2017-02-11
Fromm,taz,1,Schwerpunkt,2017-03-11
Johnson,taz,1,Schwerpunkt,2017-04-11
 Zylbersztajn,taz,1,Medien,2017-04-11
Fromm,taz,1,Meinung,2017-08-11
Klöpper ,taz,1,Medien,2017-08-11
Marinic,taz,1,Meinung,2017-08-11
Schwarz,taz,1,Medien,2017-11-11
Weissenburger,taz,1,Medien,2017-11-11
Hannemann,taz,1,Regionales,2017-13-11
Feddersen,taz,1,Gesellschaft,2017-14-11
Gaensler,taz,1,Sport,2017-14-11
Schwarz,taz,1,Gesellschaft,2017-18-11
Uthoff,taz,1,Gesellschaft,2017-18-11
Riese,taz,1,Meinung,2017-21-11
Mengel,taz,1,Meinung,2017-22-11
Hahn,taz,1,Gesellschaft,2017-25-11
Frank,taz,1,Medien,2017-29-11
Kullmann,taz,1,Kultur,2017-01-12
Aydemir,taz,1,Inland,2017-01-12
Schick,taz,1,Inland,2017-02-12
Schulte,taz,1,Medien,2017-02-12
Reinecke,taz,1,Meinung,2017-04-12
Kueppersbusch,taz,1,Kultur,2017-07-12
Zylka,taz,1,Gesellschaft,2017-09-12
Henschel,taz,1,Aktuelles,2017-11-12
Marinic,taz,1,Aktuelles,2017-11-12
Weissenburger,taz,1,Gesellschaft,2017-11-12
Küppersbusch,taz,1,Kultur,2017-18-12
Gutmair,taz,1,Die Wahrheit,2017-18-12
Schulz,taz,1,Kultur,2017-19-12
Grasnick,taz,1,Gesellschaft,2017-20-12
Winkler,taz,1,Gesellschaft,2017-20-12
Reintke,taz,1,Gesellschaft,2017-20-12
Johnson,taz,1,Kultur,2017-12-17
Krauss,taz,1,Gesellschaft,2017-12-22
Unfried,taz,1,Gesellschaft,2017-12-22
Koopmann,taz,1,Sport,2017-23-12
Kueppersbusch,taz,1,Meinung,2017-23-12
Schick,taz,1,Ausland,2017-27-12
Mitzkat,taz,1,Sport,2017-28-12
Sander,taz,1,Schwerpunkt,2017-29-12
Wolff,taz,1,Kultur,2017-31-12
Schick,taz,1,Gesellschaft,2018-03-01
Bruells,taz,1,Gesellschaft,2018-03-01
Fromm,taz,1,Gesellschaft,2018-04-01
Boehme,taz,1,Kultur,2018-05-01
Sommer,taz,1,Ausland,2018-06-01
Kueppersbusch,taz,1,Meinung,2018-06-01
Mustroph,taz,1,Gesellschaft,2018-08-01
Schweizerhof,taz,1,Gesellschaft,2018-09-01
Hecht,taz,1,Kultur,2018-10-01
Feddersen,taz,1,Hintergrund,2018-11-01
Balmer,taz,1,Gesellschaft,2018-11-01
Yaghoobifarah,taz,1,Kultur,2018-12-01
Ringel,taz,1,Kultur,2018-13-01
Kueppersbusch,taz,1,Gesellschaft,2018-13-01
Balmer,taz,1,Schwerpunkt,2018-15-01
Balmer,taz,1,Gesellschaft,2018-16-01
Franzke,taz,1,Gesellschaft,2018-16-01
Fromm,taz,1,Wahrheit,2018-18-01
Kruse,taz,1,Gesellschaft,2018-18-01
Kullmann,taz,1,Meinung,2018-19-01
Fromm,taz,1,Medien,2018-22-01
Balmer,taz,1,Ausland,2018-24-01
Oestreich,taz,1,Meinung,2018-24-01
Wilamasena,taz,1,Aktuelles,2018-25-01
Zylka,taz,1,Gesellschaft,2018-26-01
Mueller,taz,1,Medien,2018-29-01
Scholz,taz,1,Gesellschaft,2018-30-01
Tietke,taz,1,Kultur,2018-01-02
Mattheiß,taz,1,Kultur,2018-01-02
Sterngast,taz,1,Kultur,2018-03-02
Mattheiß,taz,1,Kultur,2018-05-02
Mueller,taz,1,Medien,2018-05-02
Oestreich,taz,1,Meinung,2018-10-02
Messmer,taz,1,Regionales,2018-10-02
Jager-Bowler,taz,1,Kultur,2018-12-02
Balmer,taz,1,Gesellschaft,2018-13-02
Boehme,taz,1,Kultur,2018-15-02
Rathfelder,taz,1,Schwerpunkt,2018-16-02
Doerfler,taz,1,Gesellschaft,2018-16-02
Hecht,taz,1,Regionales,2018-16-02
Winnett,taz,1,Meinung,2018-17-02
Schwarz,taz,1,Medien,2018-23-02
Franzke,taz,1,Schwerpunkt,2018-24-02
Morasch,taz,1,Schwerpunkt,2018-24-02
Boehme,taz,1,Kultur,2018-26-02
Lee,taz,1,Gesellschaft,2018-27-02
Baumgaertel,taz,1,Kultur,2018-27-02
Sohl,taz,1,Gesellschaft,2018-28-02
Riese,taz,1,Gesellschaft,2018-29-02
Schweizerhof,taz,1,Kultur,2018-06-03
Schumacher,taz,1,Gesellschaft,2018-07-03
Oestreich,taz,1,Hintergrund,2018-08-03
Hecht,taz,1,Hintergrund,2018-08-03
Schwarz,taz,1,Hintergrund,2018-08-03
Heidelberger,taz,1,Regionales,2018-13-03
