from,to
_juliaschramm,ckoever
_juliaschramm,fraeulein_tessa
_juliaschramm,gesine_agena
_juliaschramm,marga_owski
_juliaschramm,missy_magazine
_juliaschramm,mrskingkoch
_juliaschramm,nicolaabe
_juliaschramm,ninialagrande
_juliaschramm,slow_haus
_juliaschramm,textautomat
annalero,gesine_agena
annalero,marga_owski
annalero,marga_owski
annalist,ckoever
annalist,digiwomende
annalist,fraeulein_tessa
annalist,marga_owski
annalist,marthadear
annalist,missy_magazine
annalist,netizenmay
annalist,slow_haus
annalist,tdfev
annalist,textautomat
annlivma,_juliaschramm
annlivma,annalero
annlivma,annalist
annlivma,digiwomende
annlivma,fraeulein_tessa
annlivma,gesine_agena
annlivma,marga_owski
annlivma,marthadear
annlivma,missy_magazine
annlivma,mrskingkoch
annlivma,ninialagrande
annlivma,slow_haus
annlivma,tdfev
apeanne,digiwomende
apeanne,emotionmagazin
apeanne,fraeulein_tessa
apeanne,marga_owski
apeanne,missy_magazine
apeanne,noravanessa
apeanne,slow_haus
apeanne,textautomat
ckoever,annalist
ckoever,digiwomende
ckoever,doubleyoueiebke
ckoever,fraeulein_tessa
ckoever,gesine_agena
ckoever,laloeffelstiel
ckoever,marga_owski
ckoever,marthadear
ckoever,missy_magazine
ckoever,netizenmay
ckoever,ninialagrande
ckoever,ohsophianet
ckoever,slow_haus
ckoever,textautomat
crazylittlenici,digiwomende
crazylittlenici,marga_owski
crazylittlenici,missclaraott
digiwomende,annalist
digiwomende,crazylittlenici
digiwomende,emotionmagazin
digiwomende,fraeulein_tessa
digiwomende,marga_owski
digiwomende,marthadear
digiwomende,missy_magazine
digiwomende,ninialagrande
digiwomende,noravanessa
digiwomende,slow_haus
digiwomende,tdfev
doubleyoueiebke,emotionmagazin
doubleyoueiebke,marga_owski
doubleyoueiebke,noravanessa
doubleyoueiebke,textautomat
ecoimquadrat,fraeulein_tessa
ecoimquadrat,marga_owski
ecoimquadrat,marthadear
ecoimquadrat,missclaraott
emotionmagazin,digiwomende
emotionmagazin,fraeulein_tessa
emotionmagazin,marga_owski
emotionmagazin,marthadear
emotionmagazin,missy_magazine
emotionmagazin,ninialagrande
emotionmagazin,noravanessa
emotionmagazin,slow_haus
fraeulein_tessa,_juliaschramm
fraeulein_tessa,annalist
fraeulein_tessa,ckoever
fraeulein_tessa,digiwomende
fraeulein_tessa,emotionmagazin
fraeulein_tessa,laloeffelstiel
fraeulein_tessa,marga_owski
fraeulein_tessa,marthadear
fraeulein_tessa,missclaraott
fraeulein_tessa,missy_magazine
fraeulein_tessa,nicolaabe
fraeulein_tessa,ninialagrande
fraeulein_tessa,noravanessa
fraeulein_tessa,ohsophianet
fraeulein_tessa,slow_haus
fraeulein_tessa,textautomat
frausonnefeld,digiwomende
frausonnefeld,marga_owski
frausonnefeld,missclaraott
frausonnefeld,textautomat
gesine_agena,_juliaschramm
gesine_agena,annalist
gesine_agena,ckoever
gesine_agena,fraeulein_tessa
gesine_agena,marga_owski
gesine_agena,marthadear
gesine_agena,missy_magazine
gesine_agena,ninialagrande
gesine_agena,slow_haus
laloeffelstiel,_juliaschramm
laloeffelstiel,annalist
laloeffelstiel,ckoever
laloeffelstiel,digiwomende
laloeffelstiel,fraeulein_tessa
laloeffelstiel,marga_owski
laloeffelstiel,marthadear
laloeffelstiel,missclaraott
laloeffelstiel,missy_magazine
laloeffelstiel,netizenmay
laloeffelstiel,ninialagrande
laloeffelstiel,noravanessa
laloeffelstiel,slow_haus
laloeffelstiel,textautomat
laurajo_aha,marga_owski
laurajo_aha,marthadear
laurajo_aha,missclaraott
laurajo_aha,missy_magazine
leoffm,_juliaschramm
leoffm,annalero
leoffm,annalist
leoffm,fraeulein_tessa
leoffm,gesine_agena
leoffm,marga_owski
leoffm,marthadear
leoffm,missy_magazine
leoffm,ninialagrande
leoffm,noravanessa
leoffm,slow_haus
leoffm,tdfev
leoffm,textautomat
marga_owski,annalero
marga_owski,annalist
marga_owski,fraeulein_tessa
marga_owski,marthadear
marga_owski,nicolaabe
marga_owski,nicolaabe
marga_owski,ninialagrande
marga_owski,slow_haus
marthadear,fraeulein_tessa
marthadear,marga_owski
marthadear,missy_magazine
marthadear,ninialagrande
marthadear,slow_haus
missclaraott,_juliaschramm
missclaraott,annalero
missclaraott,annalist
missclaraott,apeanne
missclaraott,ckoever
missclaraott,crazylittlenici
missclaraott,digiwomende
missclaraott,doubleyoueiebke
missclaraott,ecoimquadrat
missclaraott,emotionmagazin
missclaraott,fraeulein_tessa
missclaraott,frausonnefeld
missclaraott,laloeffelstiel
missclaraott,laurajo_aha
missclaraott,marga_owski
missclaraott,marthadear
missclaraott,missy_magazine
missclaraott,mrskingkoch
missclaraott,netizenmay
missclaraott,nicolaabe
missclaraott,ninialagrande
missclaraott,noravanessa
missclaraott,ohsophianet
missclaraott,slow_haus
missclaraott,textautomat
missy_magazine,_juliaschramm
missy_magazine,annalist
missy_magazine,fraeulein_tessa
missy_magazine,marga_owski
missy_magazine,ninialagrande
missy_magazine,slow_haus
mrskingkoch,_juliaschramm
mrskingkoch,annalist
mrskingkoch,annlivma
mrskingkoch,marga_owski
mrskingkoch,marthadear
mrskingkoch,missclaraott
mrskingkoch,missy_magazine
mrskingkoch,slow_haus
mrskingkoch,tdfev
mrskingkoch,textautomat
netizenmay,annalist
netizenmay,ckoever
netizenmay,fraeulein_tessa
netizenmay,laloeffelstiel
netizenmay,marga_owski
netizenmay,marthadear
netizenmay,missclaraott
netizenmay,missy_magazine
netizenmay,ninialagrande
netizenmay,noravanessa
netizenmay,ohsophianet
netizenmay,slow_haus
netizenmay,tdfev
netizenmay,textautomat
nicolaabe,_juliaschramm
nicolaabe,annalist
nicolaabe,fraeulein_tessa
nicolaabe,marthadear
nicolaabe,missy_magazine
ninialagrande,_juliaschramm
ninialagrande,fraeulein_tessa
ninialagrande,gesine_agena
ninialagrande,marga_owski
ninialagrande,marthadear
ninialagrande,missy_magazine
ninialagrande,slow_haus
ninialagrande,textautomat
noravanessa,annalist
noravanessa,ckoever
noravanessa,digiwomende
noravanessa,emotionmagazin
noravanessa,fraeulein_tessa
noravanessa,marga_owski
noravanessa,marthadear
noravanessa,missy_magazine
noravanessa,ninialagrande
noravanessa,ohsophianet
noravanessa,slow_haus
ohsophianet,fraeulein_tessa
ohsophianet,marga_owski
ohsophianet,missclaraott
ohsophianet,netizenmay
ohsophianet,noravanessa
slow_haus,_juliaschramm
slow_haus,annalist
slow_haus,ckoever
slow_haus,fraeulein_tessa
slow_haus,gesine_agena
slow_haus,marga_owski
slow_haus,marthadear
slow_haus,missy_magazine
slow_haus,ninialagrande
tdfev,_juliaschramm
tdfev,annalero
tdfev,annalist
tdfev,annlivma
tdfev,digiwomende
tdfev,fraeulein_tessa
tdfev,gesine_agena
tdfev,marga_owski
tdfev,marthadear
tdfev,missy_magazine
tdfev,mrskingkoch
tdfev,ninialagrande
tdfev,slow_haus
textautomat,_juliaschramm
textautomat,annalero
textautomat,ckoever
textautomat,digiwomende
textautomat,doubleyoueiebke
textautomat,fraeulein_tessa
textautomat,laloeffelstiel
textautomat,marga_owski
textautomat,mrskingkoch
textautomat,ninialagrande
textautomat,noravanessa
textautomat,slow_haus